Marca temporal,Grupo,¿En qué horario está llenando el formulario?,¿En qué torre se encuentra?,¿En qué piso se encuentra?,¿En qué piso se encuentra?,¿En qué piso se encuentra?,¿En qué ambiente se encuentra?,¿En qué ambiente se encuentra?,¿En qué ambiente se encuentra?,¿En qué ambiente se encuentra?,¿En qué ambiente se encuentra?,¿En qué ambiente se encuentra?,¿En qué ambiente se encuentra?,¿En qué ambiente se encuentra?,¿En qué ambiente se encuentra?,¿En qué ambiente se encuentra?,¿En qué ambiente se encuentra?,¿En qué ambiente se encuentra?,¿En qué ambiente se encuentra?,¿En qué ambiente se encuentra?,¿En qué ambiente se encuentra?,¿En qué ambiente se encuentra?,Nivel de presión sonora (dB),Frecuencia sonora,Temperatura ambiental,Nivel de iluminancia,Cantidad de luminarias (focos) funcionando,N° de personas presentes,Número de mobiliario disponible: Se toma el recurso principal o el paquete del recurso principal (cubículo (silla + mesa)),N° de tomacorrientes disponibles,Tipo de ventilación,Fuente principal de ruido,Fuente de luz,Propósito en la comunidad,Tipo de distractores no relacionados con su propósito,,
27/4/2026 10:13:02,Grupo 4,09,B,,5,,,,,,,,,,,,,,,,1,,52.8,281.25,22,503.35,94,62,"13 mesas son 10 sillas cada una, otras 6 mesas con solo 6 sillas 10 sillones",214,Mecánica (aire acondicionado),Charla de estudiantes,Mixta,Estudio,Auditivos,,
27/4/2026 17:37:28,Grupo 4,18,B,,5,,,,,,,,,,,,,,,,1,,58.7,118.64,22,496,194,154,No cambia,96,Mecánica (aire acondicionado),Charla de estudiantes,Mixta,Estudio,Tecnológicos,,
28/4/2026 9:12:19,Grupo 5,09,A,5,,,,,,,1,,,,,,,,,,,,137.4,77.31,22,17.39,0,14,31,62,Natural,Tráfico vehicular,Natural,Estudio,Auditivos,,
28/4/2026 9:26:07,Grupo 4,09,A,1,,,1,,,,,,,,,,,,,,,,79.2,369.15,22.5,276,194,24,36 mesas 6 cojines grandes,22,Mecánica (aire acondicionado),Charla de estudiantes,Artificial,Descanso,Auditivos,,Inconsistencia de recolección
28/4/2026 9:29:58,Grupo 5,09,A,5,,,,,,,2,,,,,,,,,,,,144.16,165.04,24,2.12,0,15,14,5,Natural,Tráfico vehicular,Mixta,Estudio,Auditivos,,
28/4/2026 11:43:07,Grupo 6,09,A,10,,,,,,,,,,,,2,,,,,,,115.97,0.01,21,149.68,14,4,18,30,Mecánica (aire acondicionado),Pasillos,Mixta,Descanso,Tecnológicos,,Error de formato (solucionable)
28/4/2026 11:46:37,Grupo 6,09,A,10,,,,,,,,,,,,1,,,,,,,118.99,0.02,21,146.68,11,10,24,28,Mecánica (aire acondicionado),Pasillos,Mixta,Estudio,Tecnológicos,,
28/4/2026 11:49:23,Grupo 6,09,A,11,,,,,,,,,,,,,3,,,,,,121.62,0.02,20,162.56,0,0,0,0,Natural,Tráfico vehicular,Natural,Tránsito,Auditivos,,Errores de medición (frecuencia negativa es imposible)
28/4/2026 13:16:48,Grupo 5,13,A,5,,,,,,,2,,,,,,,,,,,,130.56,138.67,23,28.1,8,14,16,4,Natural,Pasillos,Mixta,Estudio,Auditivos,,
28/4/2026 13:28:17,Grupo 5,13,A,5,,,,,,,1,,,,,,,,,,,,137.88,115.68,21,62.8,0,16,31,62,Natural,Charla de estudiantes,Natural,Estudio,Auditivos,,
28/4/2026 13:29:28,Grupo 4,13,A,8,,,,,,,,,,2,,,,,,,,,10dB,20dB,20,"100,5",10,14,24,30,Híbrida,Charla de estudiantes,Natural,Estudio,Auditivos,,
28/4/2026 14:29:56,Grupo 4,13,A,1,,,1,,,,,,,,,,,,,,,,161.6,1200,21,425.63,66,43,29,11,Híbrida,Charla de estudiantes,Artificial,Socialización,Auditivos,,
28/4/2026 14:44:04,Grupo 6,09,A,11,,,,,,,,,,,,,3,,,,,,-23.14,423.94,23.8,10960.988,0,4,3,3,Natural,Pasillos,Natural,Descanso,Tecnológicos,,
28/4/2026 14:54:47,Grupo 6,09,A,11,,,,,,,,,,,,,1,,,,,,-16.97,63.53,19.6,6534,0,5,"No exactamente sillas, pero hay butacas.",5,Natural,Charla de estudiantes,Natural,Descanso,Tecnológicos,,
28/4/2026 15:28:30,Grupo 6,13,A,11,,,,,,,,,,,,,1,,,,,,139.73,273.09,25,1976.88,0,16,1,4,Natural,Charla de estudiantes,Natural,Descanso,Tecnológicos,,
28/4/2026 15:32:56,Grupo 6,13,A,11,,,,,,,,,,,,,2,,,,,,126.13,205.55,25,1944.71,0,10,1,3,Natural,Charla de estudiantes,Natural,Descanso,Tecnológicos,,
28/4/2026 15:37:05,Grupo 6,13,A,11,,,,,,,,,,,,,3,,,,,,136.72,309.58,25,2293.45,0,9,1,2,Natural,Charla de estudiantes,Natural,Descanso,Tecnológicos,,
28/4/2026 15:38:03,Grupo 6,13,A,10,,,,,,,,,,,,1,,,,,,,119.81,0.02,22,3338.86,11,13,24,20,Mecánica (aire acondicionado),Charla de estudiantes,Mixta,Estudio,Tecnológicos,,
28/4/2026 15:39:32,Grupo 6,13,A,10,,,,,,,,,,,,2,,,,,,,118.98,0.03,22,0.03,14,14,18,30,Mecánica (aire acondicionado),Charla de estudiantes,Mixta,Descanso,Auditivos,,
28/4/2026 18:04:05,Grupo 5,18,A,5,,,,,,,2,,,,,,,,,,,,147.5,213.23,23,22.38,8,15,15,10,Natural,Pasillos,Artificial,Estudio,Auditivos,,
28/4/2026 18:14:22,Grupo 5,18,A,5,,,,,,,1,,,,,,,,,,,,155.3,288.22,23,103.8,6,21,31,62,Natural,Charla de estudiantes,Natural,Estudio,Auditivos,,
28/4/2026 18:31:17,Grupo 4,18,A,1,,,1,,,,,,,,,,,,,,,,141.7,12000,21,261.76,61,55,58,45,Mecánica (aire acondicionado),Charla de estudiantes,Artificial,Estudio,Auditivos,,
28/4/2026 18:31:18,Grupo 4,18,A,1,,,1,,,,,,,,,,,,,,,,141.7,12000,21,261.76,61,55,58,45,Mecánica (aire acondicionado),Charla de estudiantes,Artificial,Estudio,Auditivos,,
28/4/2026 21:13:34,Grupo 6,18,A,11,,,,,,,,,,,,,1,,,,,,132.32,256.58,19,138.86,3,5,1,4,Natural,Charla de estudiantes,Artificial,Descanso,Auditivos,,
28/4/2026 21:17:24,Grupo 6,18,A,11,,,,,,,,,,,,,3,,,,,,136.36,216.38,19,120.9,2,3,1,2,Natural,Charla de estudiantes,Artificial,Descanso,Auditivos,,
28/4/2026 21:20:49,Grupo 6,18,A,11,,,,,,,,,,,,,2,,,,,,129.44,232.81,19,113.6,3,6,1,4,Natural,Charla de estudiantes,Artificial,Descanso,Auditivos,,
29/4/2026 9:25:07,Grupo 5,09,B,,1,,,,,,,,,,,,,2,,,,,149.25,132.98,27,2551.51,0,10,24,0,Natural,Pasillos,Natural,Descanso,Auditivos,,
29/4/2026 9:27:05,Grupo 7,09,A,8,,,,,,,,,,3,,,,,,,,,55.23,198.55,NA,287,5,15,50,53,Híbrida,Charla de estudiantes,Mixta,Estudio,Tecnológicos,,
29/4/2026 9:33:50,Grupo 4,09,A,1,,,2,,,,,,,,,,,,,,,,135.58,12000,23,80,16,46,627,15,Mecánica (aire acondicionado),Charla de estudiantes,Artificial,Estudio,Tecnológicos,,
29/4/2026 10:00:57,Grupo 6,09,A,10,,,,,,,,,,,,1,,,,,,,"114,97","113,51",22,149.01,0,16,10,20,Híbrida,Pasillos,Natural,Estudio,Tecnológicos,,
29/4/2026 10:09:02,Grupo 3,09,A,2,,,,2,,,,,,,,,,,,,,,62,-44.5,24,324,3,35,45,4,Natural,Charla de estudiantes,,Socialización,Tecnológicos,,
29/4/2026 10:20:15,Grupo 3,13,A,2,,,,1,,,,,,,,,,,,,,,45,-34,23,400.45,4,35,30,6,Híbrida,Obras de construcción,Mixta,Descanso,Visuales,,
29/4/2026 10:34:06,Grupo 3,09,A,2,,,,2,,,,,,,,,,,,,,,-36,2,20,315,6,32,45,7,Híbrida,Charla de estudiantes,Mixta,Descanso,Tecnológicos,,
29/4/2026 10:38:52,Grupo 3,09,B,,2,,,,,,,,,,,,,,2,,,,-30,12,24,450,9,12,0,10,Híbrida,Charla de estudiantes,Mixta,Descanso,Tecnológicos,,
29/4/2026 10:47:45,Grupo 3,09,A,2,,,,2,,,,,,,,,,,,,,,-26,12,20,500,10,46,30,6,Mecánica (aire acondicionado),Charla de estudiantes,Natural,Esparcimiento,Visuales,,
29/4/2026 11:22:20,Grupo 3,09,A,2,,,,2,,,,,,,,,,,,,,,-40,24,20,450,5,26,45,5,Mecánica (aire acondicionado),Charla de estudiantes,Natural,Socialización,Tecnológicos,,
29/4/2026 13:18:09,Grupo 5,13,B,,1,,,,,,,,,,,,,3,,,,,150.15,300.31,22,572.88,0,17,7,0,Natural,Charla de estudiantes,Natural,Alimentación,Auditivos,,
29/4/2026 13:55:23,Grupo 3,13,A,2,,,,2,,,,,,,,,,,,,,,155,211.45,24,833.2,6,1,18,6,Natural,Tráfico vehicular,Mixta,Estudio,Auditivos,,
29/4/2026 13:59:16,Grupo 3,13,A,2,,,,2,,,,,,,,,,,,,,,155,210.9,23,840,6,3,18,6,Natural,Tráfico vehicular,Mixta,Estudio,Auditivos,,
29/4/2026 14:06:20,Grupo 4,13,A,1,,,2,,,,,,,,,,,,,,,,132.21,18792,23.5,84,15,45,612,13,Mecánica (aire acondicionado),Charla de estudiantes,Artificial,Estudio,Tecnológicos,,
29/4/2026 14:08:09,Grupo 3,13,S,,,1,,,,,,,,,,,,,,,,3,146.4,282.35,24,185.5,3,2,0,1,Mecánica (aire acondicionado),Pasillos,Artificial,Tránsito,Visuales,,
29/4/2026 14:12:22,Grupo 1,13,A,9,,,,,,,,,,,3,,,,,,,,-53.7,73.58,26,11.88,5,12,45,6,Natural,Charla de estudiantes,Mixta,Estudio,Tecnológicos,,
29/4/2026 14:19:48,Grupo 3,13,S,,,1,,,,,,,,,,,,,,,,3,146,240.5,24,160,3,3,0,1,Mecánica (aire acondicionado),Pasillos,Artificial,Tránsito,Auditivos,,
29/4/2026 14:47:25,Grupo 3,13,S,,,1,,,,,,,,,,,,,,,,2,146.5,293.3,25.3,602.4,6,50,290,144,Mecánica (aire acondicionado),Charla de estudiantes,Artificial,Estudio,Visuales,,
29/4/2026 14:47:25,Grupo 3,13,S,,,1,,,,,,,,,,,,,,,,2,146.8,296.3,25.3,602.2,6,40,300,20,Mecánica (aire acondicionado),Charla de estudiantes,Artificial,Estudio,Auditivos,,
29/4/2026 17:45:05,Grupo 4,18,A,1,,,2,,,,,,,,,,,,,,,,165.4,117.19,23,66.47,15,209,35,11,Híbrida,Charla de estudiantes,Artificial,Estudio,Auditivos,,
29/4/2026 18:10:07,Grupo 5,18,B,,1,,,,,,,,,,,,,2,,,,,148.64,185.51,19,35.01,0,2,8,0,Natural,Pasillos,Artificial,Descanso,Auditivos,,
29/4/2026 18:34:41,Grupo 8,18,B,,3,,,,,,,,,,,,,,,1,,,30.24,"34,56",18,0.072,8,3,4,6,Híbrida,Pasillos,Artificial,Esparcimiento,Visuales,,
29/4/2026 18:38:33,Grupo 8,18,B,,3,,,,,,,,,,,,,,,1,,,23.2,34.5,18,0.072,8,4,6,8,Híbrida,Pasillos,Artificial,Esparcimiento,Visuales,,
30/4/2026 9:08:43,Grupo 5,09,B,,1,,,,,,,,,,,,,3,,,,,144.63,122.24,21,7607.21,0,4,32,10,Natural,Charla de estudiantes,Natural,Socialización,Auditivos,,
30/4/2026 9:32:30,Grupo 8,09,S,,,1,,,,,,,,,,,,,,,,2,24.3,34.5,20,4.816,0,15,20,20,Mecánica (aire acondicionado),Charla de estudiantes,Artificial,Estudio,Visuales,,
30/4/2026 9:47:02,Grupo 4,09,A,1,,,4,,,,,,,,,,,,,,,,134.47,1200,21.5,374,16,19,39 sillas y 5 mesas,10,Mecánica (aire acondicionado),Obras de construcción,Artificial,Estudio,Auditivos,,
30/4/2026 10:15:30,Grupo 4,09,A,1,,,5,,,,,,,,,,,,,,,,135.03,1312.56,20,277,13,8,5 sillones,2,Mecánica (aire acondicionado),Charla de estudiantes,Artificial,Tránsito,Auditivos,,
30/4/2026 11:20:15,Grupo 3,09,A,2,,,,2,,,,,,,,,,,,,,,-36,1.3,24,450,9,30,35,10,Híbrida,Obras de construcción,Mixta,Socialización,Visuales,,
30/4/2026 13:30:57,Grupo 8,13,A,9,,,,,,,,,,,1,,,,,,,,05,05,25,05,Todos,20,35,24,Natural,Tráfico vehicular,Mixta,Estudio,Visuales,,
30/4/2026 13:34:11,Grupo 5,13,B,,1,,,,,,,,,,,,,3,,,,,133.27,63.11,23,5575.21,0,21,11,10,Natural,Charla de estudiantes,Natural,Socialización,Visuales,,
30/4/2026 14:12:57,Grupo 8,13,A,6,,,,,,,,2,,,,,,,,,,,4,7,25,30,3,8,20,6,Híbrida,Charla de estudiantes,Natural,Estudio,Tecnológicos,,
30/4/2026 14:54:34,Grupo 4,13,A,1,,,4,,,,,,,,,,,,,,,,171.9,93.75,20,1103.22,22,7,62 cubiculos,10,Híbrida,Pasillos,Artificial,Estudio,Visuales,,
30/4/2026 15:02:16,Grupo 4,13,A,1,,,5,,,,,,,,,,,,,,,,170.3,70.31,21,541.78,13,4,2,0,Mecánica (aire acondicionado),Charla de estudiantes,Artificial,Tránsito,Auditivos,,
30/4/2026 15:11:10,Grupo 8,18,A,6,,,,,,,,2,,,,,,,,,,,1.56,6.24,98.9,2.35,2.67,3,5,6,Natural,Tráfico vehicular,Artificial,Descanso,Visuales,,
30/4/2026 15:35:42,Grupo 8,13,B,,5,,,,,,,,,,,,,,,,1,,10,No se,20,No se,2,3,7,6,Híbrida,Obras de construcción,Mixta,Estudio,Auditivos,,
30/4/2026 15:45:48,Grupo 1,13,A,3,,,,,2,,,,,,,,,,,,,,162.37,0.26,22,74.71,0,3,1,2,Natural,Tráfico vehicular,Natural,Tránsito,Auditivos,,
30/4/2026 16:18:06,Grupo 1,13,A,3,,,,,1,,,,,,,,,,,,,,145.18,0.37,21,347.06,0,1,0,2,Natural,Tráfico vehicular,Natural,Tránsito,Auditivos,,
30/4/2026 16:19:40,Grupo 1,13,A,9,,,,,,,,,,,4,,,,,,,,147.78,0.24,21,898.95,0,4,0,1,Natural,Tráfico vehicular,Natural,Tránsito,Auditivos,,
30/4/2026 16:31:35,Grupo 1,13,A,9,,,,,,,,,,,3,,,,,,,,131.29,0.03,22,435.16,5,5,45,10,Natural,Charla de estudiantes,Mixta,Estudio,Tecnológicos,,
30/4/2026 16:52:31,Grupo 1,13,A,9,,,,,,,,,,,5,,,,,,,,162.05,0.23,21,2475.09,0,3,0,0,Natural,Tráfico vehicular,Natural,Tránsito,Auditivos,,
30/4/2026 17:06:31,Grupo 1,13,A,9,,,,,,,,,,,1,,,,,,,,138.74,0.69,21,147.04,4,8,45,10,Natural,Charla de estudiantes,Mixta,Estudio,Tecnológicos,,
30/4/2026 18:04:42,Grupo 5,18,B,,1,,,,,,,,,,,,,3,,,,,133.11,64.91,24,118,0,24,40,10,Natural,Charla de estudiantes,Natural,Socialización,Auditivos,,
30/4/2026 18:17:22,Grupo 6,18,A,11,,,,,,,,,,,,,1,,,,,,132.32,256.58,19,138.86,3,5,0,4,Natural,Tráfico vehicular,Artificial,Descanso,Auditivos,,
30/4/2026 18:19:14,Grupo 5,18,B,,1,,,,,,,,,,,,,1,,,,,137.77,210.38,26,177.87,31,6,174,0,Mecánica (aire acondicionado),Pasillos,Artificial,Alimentación,Auditivos,,
30/4/2026 18:19:43,Grupo 4,13,A,1,,,4,,,,,,,,,,,,,,,,166.6,70.31,23,659.54,20,15,69,14,Mecánica (aire acondicionado),Pasillos,Artificial,Estudio,Visuales,,
30/4/2026 18:21:28,Grupo 6,18,A,11,,,,,,,,,,,,,2,,,,,,134.42,254.63,19,131.78,3,4,0,4,Natural,Tráfico vehicular,Artificial,Descanso,Auditivos,,
30/4/2026 18:24:47,Grupo 6,18,A,11,,,,,,,,,,,,,3,,,,,,133.73,217.54,19,118.72,2,0,0,2,Natural,Tráfico vehicular,Artificial,Tránsito,Auditivos,,
30/4/2026 18:25:00,Grupo 4,13,A,1,,,5,,,,,,,,,,,,,,,,174.4,234.38,24,337.57,13,16,3,0,Mecánica (aire acondicionado),Pasillos,Artificial,Esparcimiento,Visuales,,
30/4/2026 18:29:32,Grupo 5,09,B,,1,,,,,,,,,,,,,1,,,,,150.79,500.87,23,71.84,0,18,156,1,Mecánica (aire acondicionado),Charla de estudiantes,Mixta,Alimentación,Auditivos,,
30/4/2026 18:34:45,Grupo 5,13,B,,1,,,,,,,,,,,,,1,,,,,152.67,436.28,23,28.74,2,126,48,1,Mecánica (aire acondicionado),Charla de estudiantes,Mixta,Alimentación,Auditivos,,
30/4/2026 18:48:41,Grupo 6,18,A,10,,,,,,,,,,,,1,,,,,,,124.17,70.31,20,149.86,11,7,24,20,Mecánica (aire acondicionado),Pasillos,Mixta,Estudio,Tecnológicos,,
30/4/2026 18:52:19,Grupo 6,18,A,10,,,,,,,,,,,,2,,,,,,,124.3,97.34,20,149.68,14,8,18,30,Mecánica (aire acondicionado),Charla de estudiantes,Artificial,Descanso,Tecnológicos,,
1/5/2026 18:46:04,Grupo 7,09,A,8,,,,,,,,,,3,,,,,,,,,122.27,703.13,21,54.5,9,21,15,12,Mecánica (aire acondicionado),Charla de estudiantes,Artificial,Estudio,Auditivos,,
1/5/2026 18:50:41,Grupo 7,18,A,8,,,,,,,,,,2,,,,,,,,,105.83,695.72,23,83.25,15,20,15,10,Mecánica (aire acondicionado),Charla de estudiantes,Artificial,Estudio,Auditivos,,
2/5/2026 18:08:55,Grupo 8,18,B,,3,,,,,,,,,,,,,,,1,,,24.7,20.17,18,0.00069,5,3,4,8,Híbrida,Pasillos,Mixta,Esparcimiento,Auditivos,,
2/5/2026 18:13:42,Grupo 8,18,B,,3,,,,,,,,,,,,,,,2,,,60,32.46,18,200.17,6,2,6,6,Natural,Tráfico vehicular,Mixta,Esparcimiento,Auditivos,,
4/5/2026 9:20:57,Grupo 6,09,A,10,,,,,,,,,,,,1,,,,,,,128.17,0.14,23,21.5,11,7,24,20,Mecánica (aire acondicionado),Pasillos,Mixta,Estudio,Tecnológicos,,
4/5/2026 9:28:08,Grupo 6,09,A,10,,,,,,,,,,,,2,,,,,,,128.29,0.68,23,30.3,14,12,18,30,Mecánica (aire acondicionado),Pasillos,Mixta,Descanso,Tecnológicos,,
4/5/2026 9:47:14,Grupo 6,09,A,11,,,,,,,,,,,,,1,,,,,,128.45,12000,24,2.71,0,7,0,4,Natural,Charla de estudiantes,Natural,Esparcimiento,Auditivos,,
4/5/2026 13:19:45,Grupo 6,09,A,11,,,,,,,,,,,,,3,,,,,,131.42,187.05,22,1775,0,10,0,4,Natural,Charla de estudiantes,Natural,Alimentación,Tecnológicos,,
4/5/2026 13:26:16,Grupo 6,09,A,11,,,,,,,,,,,,,2,,,,,,131,12000,22,1968.98,0,22,0,4,Natural,Charla de estudiantes,Natural,Alimentación,Tecnológicos,,
4/5/2026 13:30:29,Grupo 6,13,A,11,,,,,,,,,,,,,1,,,,,,129.47,1992.12,22,2000,0,16,0,4,Natural,Charla de estudiantes,Natural,Alimentación,Tecnológicos,,
4/5/2026 13:39:42,Grupo 6,13,A,10,,,,,,,,,,,,2,,,,,,,127.31,12000,23,563.28,14,21,18,30,Mecánica (aire acondicionado),Pasillos,Mixta,Descanso,Tecnológicos,,
4/5/2026 13:49:40,Grupo 6,13,A,10,,,,,,,,,,,,1,,,,,,,131.53,12000,23,296.77,11,15,24,20,Mecánica (aire acondicionado),Pasillos,Mixta,Estudio,Tecnológicos,,
4/5/2026 13:53:11,Grupo 6,13,A,11,,,,,,,,,,,,,2,,,,,,131,12000,24,1968.98,0,22,0,4,Natural,Charla de estudiantes,Natural,Alimentación,Tecnológicos,,
4/5/2026 13:54:48,Grupo 6,13,A,11,,,,,,,,,,,,,3,,,,,,131.42,187.05,24,1775,0,10,0,4,Natural,Charla de estudiantes,Natural,Alimentación,Tecnológicos,,
4/5/2026 18:10:54,Grupo 6,18,A,10,,,,,,,,,,,,1,,,,,,,121.63,75.23,20,152.15,11,11,24,20,Mecánica (aire acondicionado),Pasillos,Artificial,Estudio,Tecnológicos,,
4/5/2026 18:15:48,Grupo 6,18,A,10,,,,,,,,,,,,2,,,,,,,129.82,101.34,20,153.79,14,13,18,30,Mecánica (aire acondicionado),Pasillos,Artificial,Descanso,Tecnológicos,,
5/5/2026 10:04:13,Grupo 6,09,A,10,,,,,,,,,,,,1,,,,,,,65,45,23,300,16,12,20,20,Mecánica (aire acondicionado),Charla de estudiantes,Mixta,Estudio,Tecnológicos,,
5/5/2026 10:06:52,Grupo 6,09,A,10,,,,,,,,,,,,2,,,,,,,40,250,23,300,20,7,11,0,Mecánica (aire acondicionado),Charla de estudiantes,Mixta,Estudio,Auditivos,,
5/5/2026 10:10:23,Grupo 6,09,A,11,,,,,,,,,,,,,3,,,,,,50,20,22,500,0,3,3,4,Natural,Pasillos,Natural,Socialización,Visuales,,
5/5/2026 10:12:36,Grupo 6,09,A,11,,,,,,,,,,,,,2,,,,,,65,20,22,1000,0,5,5,4,Natural,Charla de estudiantes,Natural,Socialización,Auditivos,,
5/5/2026 10:15:57,Grupo 6,09,A,11,,,,,,,,,,,,,1,,,,,,60,400,23,10000,0,8,5,8,Natural,Charla de estudiantes,Natural,Alimentación,Visuales,,
5/5/2026 13:03:38,Grupo 8,13,S,,,1,,,,,,,,,,,,,,,,1,120.45,86.34,25,593.48,0,17,4,8,Natural,Charla de estudiantes,Natural,Descanso,Visuales,,
5/5/2026 13:05:42,Grupo 8,13,S,,,1,,,,,,,,,,,,,,,,1,134.45,345.87,24,594.56,0,17,4,8,Natural,Charla de estudiantes,Natural,Socialización,Visuales,,
5/5/2026 13:07:07,Grupo 8,13,S,,,1,,,,,,,,,,,,,,,,1,136.78,487.9,24,567.34,0,19,4,8,Natural,Charla de estudiantes,Natural,Socialización,Auditivos,,
5/5/2026 13:08:22,Grupo 8,13,S,,,1,,,,,,,,,,,,,,,,1,124.67,345.89,24,678.93,0,24,4,8,Natural,Charla de estudiantes,Natural,Socialización,Auditivos,,
5/5/2026 13:09:53,Grupo 8,13,S,,,1,,,,,,,,,,,,,,,,1,107.45,382.31,24,652.71,0,23,4,8,Natural,Tráfico vehicular,Natural,Socialización,Auditivos,,
5/5/2026 13:12:49,Grupo 8,13,S,,,1,,,,,,,,,,,,,,,,2,63.21,140.63,18,53,12,24,120,60,Mecánica (aire acondicionado),Charla de estudiantes,Artificial,Estudio,Auditivos,,
5/5/2026 13:14:15,Grupo 8,13,S,,,1,,,,,,,,,,,,,,,,2,108.65,65,18,87.32,12,30,120,60,Mecánica (aire acondicionado),Charla de estudiantes,Artificial,Estudio,Visuales,,
5/5/2026 13:15:29,Grupo 8,13,S,,,1,,,,,,,,,,,,,,,,2,83.46,134.78,18,34.76,12,43,120,60,Mecánica (aire acondicionado),Charla de estudiantes,Artificial,Estudio,Visuales,,
5/5/2026 13:17:32,Grupo 8,13,S,,,1,,,,,,,,,,,,,,,,2,69.42,287.34,18,136.87,12,56,120,60,Mecánica (aire acondicionado),Charla de estudiantes,Artificial,Estudio,Auditivos,,
5/5/2026 13:19:20,Grupo 8,13,S,,,1,,,,,,,,,,,,,,,,2,57.23,125.67,18,106.85,12,85,120,60,Mecánica (aire acondicionado),Charla de estudiantes,Artificial,Estudio,Visuales,,
5/5/2026 13:21:00,Grupo 8,13,B,,3,,,,,,,,,,,,,,,1,,,76.34,103.45,18,143.67,6,6,8,8,Híbrida,Pasillos,Mixta,Esparcimiento,Tecnológicos,,
5/5/2026 13:21:38,Grupo 8,13,B,,3,,,,,,,,,,,,,,,2,,,123.56,256.73,20,350.53,0,4,2,2,Natural,Pasillos,Natural,Tránsito,Auditivos,,
5/5/2026 13:22:35,Grupo 8,13,B,,3,,,,,,,,,,,,,,,2,,,130.78,206.39,20,386.59,0,3,4,2,Híbrida,Tráfico vehicular,Mixta,Esparcimiento,Auditivos,,
5/5/2026 13:24:19,Grupo 8,13,B,,3,,,,,,,,,,,,,,,2,,,96.75,348.56,20,258.62,0,4,4,2,Híbrida,Tráfico vehicular,Natural,Esparcimiento,Visuales,,
5/5/2026 13:24:33,Grupo 8,13,B,,3,,,,,,,,,,,,,,,2,,,124.22,255.97,20,350.78,0,3,4,2,Híbrida,Pasillos,Natural,Tránsito,Auditivos,,
5/5/2026 18:03:55,Grupo 8,18,S,,,1,,,,,,,,,,,,,,,,3,72.47,127.84,16,257.87,4,9,0,4,Híbrida,Charla de estudiantes,Artificial,Esparcimiento,Visuales,,
5/5/2026 18:05:14,Grupo 8,18,S,,,1,,,,,,,,,,,,,,,,3,87.37,173.87,17,204.78,4,8,0,2,Híbrida,Charla de estudiantes,Artificial,Esparcimiento,Tecnológicos,,
5/5/2026 18:07:51,Grupo 8,18,S,,,1,,,,,,,,,,,,,,,,3,95.78,304.87,18,345.89,4,14,0,3,Híbrida,Charla de estudiantes,Artificial,Esparcimiento,Visuales,,
5/5/2026 18:09:45,Grupo 8,18,S,,,1,,,,,,,,,,,,,,,,3,106.84,245.76,18,208.54,4,5,0,4,Híbrida,Pasillos,Artificial,Esparcimiento,Tecnológicos,,
5/5/2026 18:13:07,Grupo 8,18,S,,,1,,,,,,,,,,,,,,,,2,34.76,109.56,16,356.8,8,18,120,60,Mecánica (aire acondicionado),Charla de estudiantes,Artificial,Estudio,Visuales,,
5/5/2026 18:14:51,Grupo 8,18,S,,,1,,,,,,,,,,,,,,,,2,65.34,98.32,18,106.35,8,20,120,60,Mecánica (aire acondicionado),Charla de estudiantes,Artificial,Estudio,Visuales,,
5/5/2026 18:15:19,Grupo 6,18,A,11,,,,,,,,,,,,,1,,,,,,137.58,269.01,21,0.0007,2,9,0,4,Natural,Charla de estudiantes,Artificial,Descanso,Auditivos,,
5/5/2026 18:16:07,Grupo 8,18,S,,,1,,,,,,,,,,,,,,,,2,88.66,126.36,18,163.72,8,34,120,60,Mecánica (aire acondicionado),Charla de estudiantes,Artificial,Estudio,Visuales,,
5/5/2026 18:18:07,Grupo 6,18,A,11,,,,,,,,,,,,,1,,,,,,137.58,269.01,21,21.25,2,9,0,4,Natural,Charla de estudiantes,Artificial,Descanso,Auditivos,,
5/5/2026 18:18:52,Grupo 8,18,S,,,1,,,,,,,,,,,,,,,,2,34.23,153.87,16,256.87,10,40,120,60,Mecánica (aire acondicionado),Charla de estudiantes,Artificial,Estudio,Visuales,,
5/5/2026 18:21:14,Grupo 6,18,A,11,,,,,,,,,,,,,2,,,,,,127.79,269.14,21,22.41,3,9,0,6,Natural,Charla de estudiantes,Artificial,Estudio,Auditivos,,
5/5/2026 18:24:07,Grupo 8,18,B,,3,,,,,,,,,,,,,,,2,,,86.57,165.34,16,186.34,4,3,0,4,Híbrida,Charla de estudiantes,Artificial,Esparcimiento,Auditivos,,
5/5/2026 18:24:37,Grupo 8,18,B,,3,,,,,,,,,,,,,,,1,,,56.78,147.13,16,168.79,8,2,8,8,Híbrida,Pasillos,Artificial,Tránsito,Tecnológicos,,
5/5/2026 18:26:26,Grupo 6,18,A,11,,,,,,,,,,,,,3,,,,,,132.38,281.67,21,21.09,2,2,0,5,Natural,Tráfico vehicular,Artificial,Descanso,Auditivos,,
5/5/2026 18:26:37,Grupo 8,18,B,,3,,,,,,,,,,,,,,,2,,,67.45,98.53,16,234.56,2,3,0,4,Híbrida,Pasillos,Artificial,Esparcimiento,Visuales,,
5/5/2026 18:26:44,Grupo 8,18,B,,3,,,,,,,,,,,,,,,1,,,56.71,150.89,16,200.89,10,3,8,8,Híbrida,Pasillos,Artificial,Tránsito,Tecnológicos,,
5/5/2026 18:28:05,Grupo 8,18,B,,3,,,,,,,,,,,,,,,1,,,52.67,144.78,16,189.09,10,2,8,8,Híbrida,Pasillos,Artificial,Tránsito,Tecnológicos,,
5/5/2026 18:28:11,Grupo 8,18,B,,3,,,,,,,,,,,,,,,2,,,50.67,156.73,16,167.43,4,4,2,4,Híbrida,Pasillos,Artificial,Esparcimiento,Visuales,,
5/5/2026 18:32:24,Grupo 6,18,A,10,,,,,,,,,,,,1,,,,,,,128.34,117.19,22,183.51,11,12,24,20,Mecánica (aire acondicionado),Pasillos,Artificial,Estudio,Tecnológicos,,
5/5/2026 18:35:17,Grupo 6,18,A,10,,,,,,,,,,,,2,,,,,,,128.03,119.73,22,177.23,14,14,18,30,Mecánica (aire acondicionado),Pasillos,Artificial,Descanso,Tecnológicos,,
6/5/2026 10:08:14,Grupo 2,09,A,6,,,,,,,,4,,,,,,,,,,,40.3,60.9,22,864.2,2,3,7,10,Natural,Tráfico vehicular,Natural,Descanso,Visuales,,
6/5/2026 12:43:48,Grupo 1,13,A,3,,,,,1,,,,,,,,,,,,,,142.93,0.28,22,1870.68,0,2,0,2,Natural,Tráfico vehicular,Natural,Tránsito,Visuales,,
6/5/2026 12:52:05,Grupo 1,13,A,3,,,,,2,,,,,,,,,,,,,,146.16,0.32,22,692.58,0,1,0,2,Natural,Tráfico vehicular,Natural,Tránsito,Visuales,,
6/5/2026 13:13:17,Grupo 5,13,B,,1,,,,,,,,,,,,,2,,,,,132.64,153.67,22,470.57,0,17,8,0,Natural,Charla de estudiantes,Natural,Alimentación,Auditivos,,
6/5/2026 13:18:35,Grupo 1,13,A,9,,,,,,,,,,,3,,,,,,,,136.45,0.06,25,175.7,4,2,45,15,Natural,Tráfico vehicular,Mixta,Estudio,Auditivos,,
6/5/2026 13:28:53,Grupo 1,13,A,9,,,,,,,,,,,2,,,,,,,,132.25,0.07,23,344.7,4,1,45,15,Natural,Pasillos,Mixta,Estudio,Auditivos,,
6/5/2026 13:29:55,Grupo 6,13,A,10,,,,,,,,,,,,1,,,,,,,30,500,23,500,11,8,20,20,Mecánica (aire acondicionado),Pasillos,Mixta,Estudio,Auditivos,,
6/5/2026 13:34:39,Grupo 6,13,A,10,,,,,,,,,,,,2,,,,,,,40,200,23,979.02,16,7,9,0,Mecánica (aire acondicionado),Pasillos,Mixta,Descanso,Visuales,,
6/5/2026 13:39:10,Grupo 1,13,A,9,,,,,,,,,,,1,,,,,,,,137.97,0.16,23,239.43,5,2,45,15,Natural,Tráfico vehicular,Mixta,Estudio,Auditivos,,
6/5/2026 13:41:39,Grupo 6,18,A,11,,,,,,,,,,,,,3,,,,,,70,3000,24,10000,0,8,8,4,Natural,Charla de estudiantes,Natural,Socialización,Visuales,,
6/5/2026 13:44:51,Grupo 6,13,A,11,,,,,,,,,,,,,2,,,,,,70.2,2500,23,9964.86,0,10,10,6,Natural,Charla de estudiantes,Natural,Socialización,Visuales,,
6/5/2026 13:47:22,Grupo 6,13,A,11,,,,,,,,,,,,,1,,,,,,85,3000,23,10000,0,16,16,7,Natural,Charla de estudiantes,Natural,Alimentación,Tecnológicos,,
6/5/2026 13:47:57,Grupo 1,13,A,9,,,,,,,,,,,1,,,,,,,,143.67,0.29,24,1002.45,0,1,0,0,Natural,Tráfico vehicular,Natural,Tránsito,Auditivos,,
6/5/2026 13:55:32,Grupo 1,13,A,9,,,,,,,,,,,4,,,,,,,,143.87,0.21,24,2256.97,0,1,0,0,Natural,Tráfico vehicular,Natural,Tránsito,Auditivos,,
6/5/2026 17:06:47,Grupo 1,18,A,3,,,,,1,,,,,,,,,,,,,,39.1,102.3,27,1.03,5,0,0,0,Natural,Tráfico vehicular,Natural,Tránsito,Auditivos,,
6/5/2026 17:12:17,Grupo 1,18,A,3,,,,,2,,,,,,,,,,,,,,40.2,56.3,26,1.12,5,1,1,1,Natural,Tráfico vehicular,Natural,Tránsito,Auditivos,,
6/5/2026 18:17:16,Grupo 5,18,B,,1,,,,,,,,,,,,,2,,,,,122.66,165.73,21,66.09,0,2,8,0,Natural,Pasillos,Artificial,Descanso,Auditivos,,
6/5/2026 19:36:50,Grupo 1,13,A,3,,,,,3,,,,,,,,,,,,,,122.8,703.02,22,1002.45,6,4,45,45,Híbrida,Charla de estudiantes,Artificial,Estudio,Tecnológicos,,
7/5/2026 8:58:13,Grupo 3,09,A,2,,,,2,,,,,,,,,,,,,,,35,60,23,500,7,35,40,7,Mecánica (aire acondicionado),Obras de construcción,Artificial,Descanso,Tecnológicos,,
7/5/2026 9:00:46,Grupo 5,09,B,,1,,,,,,,,,,,,,3,,,,,122.8,93.33,20,612.99,0,7,18,4,Natural,Charla de estudiantes,Natural,Socialización,Auditivos,,
7/5/2026 9:00:56,Grupo 3,09,A,2,,,,1,,,,,,,,,,,,,,,30,12,21,1200,10,26,40,6,Mecánica (aire acondicionado),Charla de estudiantes,Artificial,Estudio,Visuales,,
7/5/2026 9:04:20,Grupo 3,09,A,2,,,,2,,,,,,,,,,,,,,,25.4,27,21,350,10,20,34,6,Natural,Charla de estudiantes,Artificial,Estudio,Auditivos,,
7/5/2026 9:25:56,Grupo 6,09,A,11,,,,,,,,,,,,,3,,,,,,20,200,20,8000,0,2,2,5,Natural,Tráfico vehicular,Natural,Descanso,Tecnológicos,,
7/5/2026 9:27:27,Grupo 3,09,A,2,,,,2,,,,,,,,,,,,,,,58,12,21,400,10,12,30,6,Híbrida,Obras de construcción,Artificial,Estudio,Tecnológicos,,
7/5/2026 9:40:43,Grupo 6,09,A,11,,,,,,,,,,,,,2,,,,,,20,200,19,8000,0,0,5,5,Natural,Tráfico vehicular,Natural,Descanso,Tecnológicos,,
7/5/2026 9:41:56,Grupo 6,09,A,11,,,,,,,,,,,,,1,,,,,,35,400,19,9000,0,2,5,6,Natural,Tráfico vehicular,Natural,Descanso,Visuales,,
7/5/2026 9:43:21,Grupo 6,09,A,10,,,,,,,,,,,,1,,,,,,,55,500.5,23,9500,15,3,10,5,Mecánica (aire acondicionado),Pasillos,Mixta,Estudio,Auditivos,,
7/5/2026 9:44:35,Grupo 6,09,A,10,,,,,,,,,,,,2,,,,,,,40,500,23,9000,12,2,7,0,Mecánica (aire acondicionado),Pasillos,Mixta,Descanso,Tecnológicos,,
7/5/2026 9:48:25,Grupo 3,09,A,2,,,,2,,,,,,,,,,,,,,,65,12,22,550,12,16,43,7,Mecánica (aire acondicionado),Charla de estudiantes,Natural,Socialización,Visuales,,
7/5/2026 9:55:50,Grupo 3,09,A,2,,,,1,,,,,,,,,,,,,,,23,12,22,300,7,12,32,12,Mecánica (aire acondicionado),Obras de construcción,Mixta,Socialización,Visuales,,
7/5/2026 9:58:21,Grupo 3,09,A,2,,,,1,,,,,,,,,,,,,,,29,21,23,500,6,20,32,6,Mecánica (aire acondicionado),Obras de construcción,Natural,Tránsito,Olfativos,,
7/5/2026 12:57:48,Grupo 3,13,A,2,,,,1,,,,,,,,,,,,,,,155.4,372.09,23,950.8,6,6,6,6,Natural,Tráfico vehicular,Mixta,Estudio,Auditivos,,
7/5/2026 13:01:55,Grupo 3,13,A,2,,,,1,,,,,,,,,,,,,,,154.5,320.4,24,982.5,10,6,30,16,Mecánica (aire acondicionado),Tráfico vehicular,Mixta,Estudio,Auditivos,,
7/5/2026 13:11:24,Grupo 3,13,S,,,1,,,,,,,,,,,,,,,,3,152.4,328.77,25,253.7,2,3,0,2,Mecánica (aire acondicionado),Charla de estudiantes,Artificial,Tránsito,Tecnológicos,,
7/5/2026 13:23:47,Grupo 5,13,B,,1,,,,,,,,,,,,,3,,,,,132.25,74.73,22,3159.53,0,20,40,10,Natural,Charla de estudiantes,Natural,Socialización,Visuales,,
7/5/2026 13:26:37,Grupo 3,13,S,,,1,,,,,,,,,,,,,,,,1,147.4,222.22,26,75910.2,8,8,40,7,Natural,Charla de estudiantes,Natural,Socialización,Visuales,,
7/5/2026 13:37:34,Grupo 6,13,A,10,,,,,,,,,,,,1,,,,,,,131.64,102.43,22,154.68,11,12,24,20,Mecánica (aire acondicionado),Pasillos,Mixta,Estudio,Tecnológicos,,
7/5/2026 13:40:43,Grupo 6,13,A,10,,,,,,,,,,,,2,,,,,,,152.76,117.19,22,148.97,14,10,18,30,Mecánica (aire acondicionado),Pasillos,Mixta,Descanso,Tecnológicos,,
7/5/2026 14:16:53,Grupo 6,13,A,11,,,,,,,,,,,,,1,,,,,,137.45,845.67,23,1537.42,0,16,1,4,Natural,Charla de estudiantes,Natural,Descanso,Auditivos,,
7/5/2026 14:25:45,Grupo 6,13,A,11,,,,,,,,,,,,,2,,,,,,132.58,342.78,23,1284.63,0,7,0,4,Natural,Charla de estudiantes,Natural,Descanso,Auditivos,,
7/5/2026 14:30:41,Grupo 6,13,A,11,,,,,,,,,,,,,3,,,,,,114.92,186.47,23,1196.84,0,4,1,2,Natural,Tráfico vehicular,Natural,Descanso,Auditivos,,
7/5/2026 18:00:13,Grupo 5,18,B,,1,,,,,,,,,,,,,3,,,,,132.51,89.67,20,76.03,0,8,40,10,Natural,Tráfico vehicular,Natural,Socialización,Visuales,,
7/5/2026 18:22:43,Grupo 5,18,B,,1,,,,,,,,,,,,,1,,,,,136.77,249.28,22,197.65,25,11,174,1,Mecánica (aire acondicionado),Charla de estudiantes,Artificial,Alimentación,Auditivos,,
7/5/2026 22:28:51,Grupo 5,09,B,,1,,,,,,,,,,,,,2,,,,,135.59,274.93,23,1624.36,0,3,18,0,Natural,Charla de estudiantes,Natural,Socialización,Auditivos,,
7/5/2026 22:37:04,Grupo 5,09,B,,1,,,,,,,,,,,,,1,,,,,143.82,486.24,23,83.57,0,16,158,1,Mecánica (aire acondicionado),Charla de estudiantes,Natural,Alimentación,Auditivos,,
7/5/2026 22:42:29,Grupo 5,13,B,,1,,,,,,,,,,,,,1,,,,,154.79,428.32,22,27.58,2,157,17,1,Mecánica (aire acondicionado),Charla de estudiantes,Mixta,Alimentación,Auditivos,,
8/5/2026 9:03:28,Grupo 6,09,A,10,,,,,,,,,,,,2,,,,,,,128.84,106.96,23,594.13,14,6,18,30,Mecánica (aire acondicionado),Pasillos,Mixta,Descanso,Tecnológicos,,
8/5/2026 9:08:04,Grupo 6,09,A,10,,,,,,,,,,,,1,,,,,,,128.62,108.45,23,258.46,11,8,24,20,Mecánica (aire acondicionado),Pasillos,Mixta,Estudio,Tecnológicos,,
8/5/2026 9:17:57,Grupo 6,09,A,11,,,,,,,,,,,,,3,,,,,,130.85,184.28,24,1159.2,0,4,0,4,Natural,Charla de estudiantes,Natural,Esparcimiento,Tecnológicos,,
8/5/2026 9:26:15,Grupo 6,09,A,11,,,,,,,,,,,,,2,,,,,,126.85,70.61,24,1948.4,0,7,0,4,Natural,Charla de estudiantes,Natural,Esparcimiento,Tecnológicos,,
8/5/2026 13:05:51,Grupo 8,13,S,,,1,,,,,,,,,,,,,,,,1,123.64,478.56,18,478.9,0,23,4,8,Natural,Charla de estudiantes,Natural,Socialización,Auditivos,,
8/5/2026 13:06:48,Grupo 8,13,S,,,1,,,,,,,,,,,,,,,,1,118.67,245.78,18,523.87,0,19,4,8,Natural,Charla de estudiantes,Natural,Descanso,Visuales,,
8/5/2026 13:07:50,Grupo 8,13,S,,,1,,,,,,,,,,,,,,,,1,98.76,287.64,18,478.9,0,20,4,8,Natural,Charla de estudiantes,Natural,Socialización,Visuales,,
8/5/2026 13:09:28,Grupo 8,13,S,,,1,,,,,,,,,,,,,,,,1,89.76,245.67,18,435.76,0,20,4,8,Natural,Charla de estudiantes,Natural,Socialización,Visuales,,
8/5/2026 13:10:37,Grupo 8,13,S,,,1,,,,,,,,,,,,,,,,1,103.45,354.12,18,298.67,0,23,4,0,Natural,Charla de estudiantes,Natural,Socialización,Visuales,,
8/5/2026 13:11:39,Grupo 8,13,S,,,1,,,,,,,,,,,,,,,,1,114.55,265.65,18,476.58,0,22,4,8,Natural,Charla de estudiantes,Natural,Socialización,Visuales,,
8/5/2026 13:12:38,Grupo 8,13,S,,,1,,,,,,,,,,,,,,,,1,96.46,232.56,18,348.91,0,21,4,8,Natural,Charla de estudiantes,Natural,Socialización,Visuales,,
8/5/2026 13:13:36,Grupo 8,13,S,,,1,,,,,,,,,,,,,,,,1,124.67,356.78,18,382.34,0,19,4,8,Natural,Charla de estudiantes,Natural,Socialización,Visuales,,
8/5/2026 13:14:24,Grupo 8,13,S,,,1,,,,,,,,,,,,,,,,1,87.56,234.45,18,245.89,0,18,4,8,Natural,Charla de estudiantes,Natural,Socialización,Visuales,,
8/5/2026 13:16:09,Grupo 8,13,S,,,1,,,,,,,,,,,,,,,,1,112.55,236.87,18,356.89,0,15,4,8,Natural,Charla de estudiantes,Natural,Socialización,Visuales,,
8/5/2026 13:17:24,Grupo 8,13,S,,,1,,,,,,,,,,,,,,,,1,87.56,201.87,18,321.76,0,16,4,8,Natural,Charla de estudiantes,Natural,Socialización,Visuales,,
8/5/2026 13:21:36,Grupo 8,13,S,,,1,,,,,,,,,,,,,,,,3,55.32,124.78,18,155.98,4,2,0,3,Híbrida,Tráfico vehicular,Artificial,Alimentación,Auditivos,,
8/5/2026 13:24:04,Grupo 8,13,S,,,1,,,,,,,,,,,,,,,,3,56.78,126.89,18,155.76,4,3,0,3,Mecánica (aire acondicionado),Tráfico vehicular,Artificial,Tránsito,Auditivos,,
8/5/2026 13:24:19,Grupo 8,13,S,,,1,,,,,,,,,,,,,,,,3,54.36,98.45,18,103.25,4,5,0,4,Híbrida,Charla de estudiantes,Mixta,Esparcimiento,Visuales,,
8/5/2026 13:25:00,Grupo 8,13,S,,,1,,,,,,,,,,,,,,,,3,55.87,122.78,18,150.98,4,2,0,3,Mecánica (aire acondicionado),Tráfico vehicular,Artificial,Tránsito,Auditivos,,
8/5/2026 13:25:38,Grupo 8,13,S,,,1,,,,,,,,,,,,,,,,3,85.37,108.98,18,156.78,4,2,0,4,Híbrida,Charla de estudiantes,Mixta,Esparcimiento,Tecnológicos,,
8/5/2026 13:26:16,Grupo 8,13,S,,,1,,,,,,,,,,,,,,,,3,55.18,125.9,18,155.12,4,2,0,3,Mecánica (aire acondicionado),Tráfico vehicular,Artificial,Tránsito,Auditivos,,
8/5/2026 13:26:49,Grupo 8,13,S,,,1,,,,,,,,,,,,,,,,3,96.36,98.75,18,134.23,4,3,0,4,Híbrida,Charla de estudiantes,Artificial,Socialización,Visuales,,
8/5/2026 13:27:06,Grupo 8,13,S,,,1,,,,,,,,,,,,,,,,3,54.89,127.56,18,153.93,4,3,0,3,Mecánica (aire acondicionado),Tráfico vehicular,Artificial,Tránsito,Auditivos,,
8/5/2026 13:27:58,Grupo 8,13,S,,,1,,,,,,,,,,,,,,,,3,76.37,104.78,18,134.87,0,5,0,4,Híbrida,Pasillos,Mixta,Esparcimiento,Tecnológicos,,
8/5/2026 13:29:38,Grupo 8,13,S,,,1,,,,,,,,,,,,,,,,3,67.23,104.67,18,1978.87,4,4,0,4,Híbrida,Charla de estudiantes,Artificial,Esparcimiento,Visuales,,
9/5/2026 9:11:26,Grupo 8,18,B,,3,,,,,,,,,,,,,,,1,,,54.68,109.76,16,134.88,0,4,4,8,Natural,Pasillos,Natural,Esparcimiento,Tecnológicos,,
9/5/2026 9:13:09,Grupo 8,09,B,,3,,,,,,,,,,,,,,,1,,,102.35,154.24,16,245.98,0,4,4,8,Híbrida,Pasillos,Natural,Esparcimiento,Tecnológicos,,
9/5/2026 9:14:01,Grupo 8,09,B,,3,,,,,,,,,,,,,,,1,,,87.95,165.21,16,187.69,0,4,4,8,Natural,Pasillos,Natural,Esparcimiento,Tecnológicos,,
9/5/2026 9:15:01,Grupo 8,09,B,,3,,,,,,,,,,,,,,,1,,,86.78,106.79,16,268.64,0,4,4,8,Natural,Pasillos,Natural,Esparcimiento,Tecnológicos,,
9/5/2026 9:15:50,Grupo 8,09,B,,3,,,,,,,,,,,,,,,1,,,96.45,112.32,16,232.21,0,4,4,8,Natural,Pasillos,Natural,Esparcimiento,Tecnológicos,,
9/5/2026 9:16:53,Grupo 8,09,B,,3,,,,,,,,,,,,,,,1,,,106.87,256.31,16,236.24,0,4,4,8,Natural,Pasillos,Natural,Esparcimiento,Tecnológicos,,
9/5/2026 9:17:54,Grupo 8,09,B,,3,,,,,,,,,,,,,,,1,,,78.54,98.65,16,203.56,0,4,4,8,Natural,Pasillos,Natural,Esparcimiento,Tecnológicos,,
9/5/2026 9:18:50,Grupo 8,09,B,,3,,,,,,,,,,,,,,,1,,,105.67,135.64,16,189.57,0,4,4,8,Natural,Pasillos,Natural,Esparcimiento,Tecnológicos,,
9/5/2026 9:19:46,Grupo 8,09,B,,3,,,,,,,,,,,,,,,2,,,165.89,189.65,16,468.59,0,5,0,2,Natural,Tráfico vehicular,Natural,Esparcimiento,Auditivos,,
9/5/2026 9:21:21,Grupo 8,09,B,,3,,,,,,,,,,,,,,,2,,,94.52,126.45,16,387.54,0,4,0,2,Natural,Tráfico vehicular,Natural,Tránsito,Auditivos,,
9/5/2026 9:22:33,Grupo 8,09,B,,3,,,,,,,,,,,,,,,2,,,106.25,198.57,16,521.42,0,4,0,2,Natural,Tráfico vehicular,Natural,Tránsito,Auditivos,,
9/5/2026 9:23:40,Grupo 8,09,B,,3,,,,,,,,,,,,,,,2,,,98.54,106.21,16,368.54,0,4,0,2,Natural,Pasillos,Natural,Tránsito,Auditivos,,
9/5/2026 9:24:35,Grupo 8,09,B,,3,,,,,,,,,,,,,,,2,,,105.64,201.54,16,465.21,0,4,0,2,Natural,Tráfico vehicular,Natural,Tránsito,Auditivos,,
9/5/2026 9:25:20,Grupo 8,09,B,,3,,,,,,,,,,,,,,,2,,,67.84,102.56,16,198.65,0,4,0,2,Natural,Pasillos,Natural,Tránsito,Auditivos,,
9/5/2026 9:26:15,Grupo 8,09,B,,3,,,,,,,,,,,,,,,2,,,84.52,206.34,16,421.25,0,4,0,2,Natural,Tráfico vehicular,Natural,Tránsito,Auditivos,,
9/5/2026 9:27:03,Grupo 8,09,B,,3,,,,,,,,,,,,,,,2,,,97.65,156.24,16,368.54,0,4,0,2,Natural,Tráfico vehicular,Natural,Tránsito,Auditivos,,
9/5/2026 18:24:44,Grupo 8,18,S,,,1,,,,,,,,,,,,,,,,1,65.87,102.45,16,345.77,6,12,4,8,Natural,Charla de estudiantes,Mixta,Socialización,Auditivos,,
9/5/2026 18:25:35,Grupo 8,18,S,,,1,,,,,,,,,,,,,,,,1,76.89,134.56,16,245.78,6,12,4,8,Natural,Tráfico vehicular,Mixta,Socialización,Auditivos,,
9/5/2026 18:26:30,Grupo 8,18,S,,,1,,,,,,,,,,,,,,,,1,89.76,124.66,16,234.65,6,12,4,8,Natural,Tráfico vehicular,Mixta,Esparcimiento,Visuales,,
9/5/2026 18:27:40,Grupo 8,18,S,,,1,,,,,,,,,,,,,,,,1,65.36,108.76,16,276.34,6,12,4,8,Natural,Tráfico vehicular,Mixta,Socialización,Visuales,,
14/5/2026 9:16:05,Grupo 1,09,A,3,,,,,2,,,,,,,,,,,,,,152.46,0.26,24,269.12,0,2,0,2,Natural,Tráfico vehicular,Natural,Tránsito,Auditivos,,
14/5/2026 9:28:42,Grupo 1,09,A,3,,,,,1,,,,,,,,,,,,,,152.68,1.27,29,434,0,2,0,2,Natural,Tráfico vehicular,Natural,Tránsito,Auditivos,,
14/5/2026 9:35:01,Grupo 1,09,A,9,,,,,,,,,,,4,,,,,,,,75.14,0.29,26,628.5,0,2,0,0,Natural,Tráfico vehicular,Natural,Tránsito,Auditivos,,
14/5/2026 9:44:33,Grupo 1,09,A,9,,,,,,,,,,,3,,,,,,,,133.67,0.04,24,332,5,1,45,15,Natural,Pasillos,Mixta,Estudio,Auditivos,,
14/5/2026 9:54:18,Grupo 1,09,A,9,,,,,,,,,,,2,,,,,,,,129.53,0.08,24,18.16,0,4,45,15,Natural,Pasillos,Natural,Estudio,Auditivos,,
14/5/2026 10:04:26,Grupo 1,09,A,9,,,,,,,,,,,5,,,,,,,,145.96,0.26,25,31.58,0,1,0,0,Natural,Tráfico vehicular,Natural,Tránsito,Auditivos,,
14/5/2026 10:16:13,Grupo 1,09,A,9,,,,,,,,,,,1,,,,,,,,132.78,0.07,26,147.4,4,1,45,15,Natural,Pasillos,Mixta,Estudio,Auditivos,,
15/5/2026 19:45:10,Grupo 9,18,B,,2,,,,,,,,,,,,,,1,,,,155.99,0.54,23,180.47,8,4,67,0,Híbrida,Charla de estudiantes,Artificial,Alimentación,Tecnológicos,,
15/5/2026 19:48:06,Grupo 9,18,B,,2,,,,,,,,,,,,,,2,,,,155.99,0.06,23,836.12,7,2,2,5,Natural,Pasillos,Artificial,Estudio,Auditivos,,
16/5/2026 9:19:20,Grupo 9,09,B,,2,,,,,,,,,,,,,,1,,,,129.57,25.7,23,75.63,14,2,31,4,Mecánica (aire acondicionado),Pasillos,Artificial,Estudio,Auditivos,,
16/5/2026 9:44:17,Grupo 9,09,A,7,,,,,,,,,3,,,,,,,,,,155.56,119.17,22,19.25,0,5,0,13,Natural,Tráfico vehicular,Natural,Esparcimiento,Auditivos,,
16/5/2026 11:26:54,Grupo 1,09,A,9,,,,,,,,,,,3,,,,,,,,133.93,0.56,25,41.13,0,1,45,17,Natural,Tráfico vehicular,Natural,Estudio,Auditivos,,
16/5/2026 11:37:52,Grupo 1,09,A,9,,,,,,,,,,,2,,,,,,,,130.48,0.03,24,29.49,0,1,45,15,Natural,Pasillos,Natural,Estudio,Auditivos,,
16/5/2026 11:46:11,Grupo 1,09,A,9,,,,,,,,,,,1,,,,,,,,135.02,0.03,24,39.9,0,1,45,15,Natural,Tráfico vehicular,Natural,Estudio,Auditivos,,
16/5/2026 11:55:36,Grupo 1,09,A,9,,,,,,,,,,,4,,,,,,,,144.35,0.31,23,413.46,0,1,0,0,Natural,Tráfico vehicular,Natural,Tránsito,Auditivos,,
16/5/2026 12:02:33,Grupo 1,09,A,3,,,,,1,,,,,,,,,,,,,,149.03,0.26,23,347.52,0,1,0,0,Natural,Tráfico vehicular,Natural,Tránsito,Auditivos,,
16/5/2026 12:32:37,Grupo 9,13,A,7,,,,,,,,,1,,,,,,,,,,157.42,70.31,22,15.1,2,3,0,3,Natural,Tráfico vehicular,Natural,Tránsito,Auditivos,,